{
  "sample_rate": 100.0,
  "gyro": {
    "ARW": 0.24,
    "b_g_BI_sigma": 0.0000145,
    "b_g_FB": [0.0, 0.0, 0.0],
    "b_g_BS": [0.0, 0.0, 0.0],
    "M_g": [0.00008873, 0, 0, 0, 0.00008873, 0, 0, 0, 0.00008873],
    "G_g": [0.0000339, 0, 0, 0, 0.0000339, 0, 0, 0, 0.0000339],
    "BI": { "correlation_time": 3600 }
  },
  "accel": {
    "VRW": 0.0001,
    "b_a_BI_sigma": 0.000196,
    "b_a_FB": [0.0, 0.0, 0.0],
    "b_a_BS": [0.0, 0.0, 0.0],
    "M_a":[0.00008873, 0, 0, 0, 0.00008873, 0, 0, 0, 0.00008873],
    "BI": { "correlation_time": 3600 }
  }
}
